file,class,method,variable,usage
C:\kanmaytacker\bridge\src\main\java\com\ramesh\gof\bridge\secondexample\Sword.java,com.ramesh.gof.bridge.secondexample.Sword,Sword/1[com.ramesh.gof.bridge.secondexample.Enchantment],enchantment,2
C:\kanmaytacker\chain-of-responsibility\src\main\java\com\ramesh\gof\chain\App.java,com.ramesh.gof.chain.App,main/1[java.lang.String[]],args,0
C:\kanmaytacker\chain-of-responsibility\src\main\java\com\ramesh\gof\chain\App.java,com.ramesh.gof.chain.App,main/1[java.lang.String[]],king,3
C:\kanmaytacker\iterator\src\main\java\com\ramesh\gof\iterator\App.java,com.ramesh.gof.iterator.App,main/1[java.lang.String[]],args,0
C:\kanmaytacker\iterator\src\main\java\com\ramesh\gof\iterator\App.java,com.ramesh.gof.iterator.App,main/1[java.lang.String[]],chest,4
C:\kanmaytacker\iterator\src\main\java\com\ramesh\gof\iterator\App.java,com.ramesh.gof.iterator.App,main/1[java.lang.String[]],weaponIterator,2
C:\kanmaytacker\iterator\src\main\java\com\ramesh\gof\iterator\App.java,com.ramesh.gof.iterator.App,main/1[java.lang.String[]],ringIterator,2
C:\kanmaytacker\iterator\src\main\java\com\ramesh\gof\iterator\App.java,com.ramesh.gof.iterator.App,main/1[java.lang.String[]],potionIterator,2
C:\kanmaytacker\iterator\src\main\java\com\ramesh\gof\iterator\App.java,com.ramesh.gof.iterator.App,main/1[java.lang.String[]],it,2
C:\kanmaytacker\builder\src\main\java\com\iluwatar\builder\App.java,com.iluwatar.builder.App,main/1[java.lang.String[]],args,0
C:\kanmaytacker\builder\src\main\java\com\iluwatar\builder\App.java,com.iluwatar.builder.App,main/1[java.lang.String[]],mage,1
C:\kanmaytacker\builder\src\main\java\com\iluwatar\builder\App.java,com.iluwatar.builder.App,main/1[java.lang.String[]],warrior,1
C:\kanmaytacker\builder\src\main\java\com\iluwatar\builder\App.java,com.iluwatar.builder.App,main/1[java.lang.String[]],thief,1
C:\kanmaytacker\proxy\src\main\java\com\ramesh\gof\proxy\secondexample\WizardTowerProxy.java,com.ramesh.gof.proxy.secondexample.WizardTowerProxy,enter/1[com.ramesh.gof.proxy.secondexample.Wizard],wizard,2
C:\kanmaytacker\src\main\java\com\ramesh\gof\facade\hometheater\Projector.java,com.ramesh.gof.facade.hometheater.Projector,"Projector/2[java.lang.String,com.ramesh.gof.facade.hometheater.DvdPlayer]",description,2
C:\kanmaytacker\src\main\java\com\ramesh\gof\facade\hometheater\Projector.java,com.ramesh.gof.facade.hometheater.Projector,"Projector/2[java.lang.String,com.ramesh.gof.facade.hometheater.DvdPlayer]",dvdPlayer,2
C:\kanmaytacker\factory-pattern\src\main\java\com\ramesh\gof\factory\pizzaa\NYPizzaStore.java,com.ramesh.gof.factory.pizzaa.NYPizzaStore,createPizza/1[java.lang.String],item,4
C:\kanmaytacker\factory-pattern\src\main\java\com\ramesh\gof\factory\pizzaa\NYPizzaStore.java,com.ramesh.gof.factory.pizzaa.NYPizzaStore,createPizza/1[java.lang.String],pizza,9
C:\kanmaytacker\factory-pattern\src\main\java\com\ramesh\gof\factory\pizzaa\NYPizzaStore.java,com.ramesh.gof.factory.pizzaa.NYPizzaStore,createPizza/1[java.lang.String],ingredientFactory,4
C:\kanmaytacker\abstract-factory\src\main\java\com\ramesh\gof\abstractfactory\App.java,com.ramesh.gof.abstractfactory.App,setArmy/1[com.ramesh.gof.abstractfactory.Army],army,2
C:\kanmaytacker\abstract-factory\src\main\java\com\ramesh\gof\abstractfactory\App.java,com.ramesh.gof.abstractfactory.App,getCastle/1[com.ramesh.gof.abstractfactory.KingdomFactory],factory,1
C:\kanmaytacker\abstract-factory\src\main\java\com\ramesh\gof\abstractfactory\App.java,com.ramesh.gof.abstractfactory.App,main/1[java.lang.String[]],args,0
C:\kanmaytacker\abstract-factory\src\main\java\com\ramesh\gof\abstractfactory\App.java,com.ramesh.gof.abstractfactory.App,main/1[java.lang.String[]],app,8
C:\kanmaytacker\abstract-factory\src\main\java\com\ramesh\gof\abstractfactory\App.java,com.ramesh.gof.abstractfactory.App,getArmy/1[com.ramesh.gof.abstractfactory.KingdomFactory],factory,1
C:\kanmaytacker\abstract-factory\src\main\java\com\ramesh\gof\abstractfactory\App.java,com.ramesh.gof.abstractfactory.App,setKing/1[com.ramesh.gof.abstractfactory.King],king,2
C:\kanmaytacker\abstract-factory\src\main\java\com\ramesh\gof\abstractfactory\App.java,com.ramesh.gof.abstractfactory.App,getKing/1[com.ramesh.gof.abstractfactory.KingdomFactory],factory,1
C:\kanmaytacker\abstract-factory\src\main\java\com\ramesh\gof\abstractfactory\App.java,com.ramesh.gof.abstractfactory.App,setCastle/1[com.ramesh.gof.abstractfactory.Castle],castle,2
C:\kanmaytacker\abstract-factory\src\main\java\com\ramesh\gof\abstractfactory\App.java,com.ramesh.gof.abstractfactory.App,createKingdom/1[com.ramesh.gof.abstractfactory.KingdomFactory],factory,3
C:\kanmaytacker\src\main\java\com\ramesh\gof\facade\hometheater\PopcornPopper.java,com.ramesh.gof.facade.hometheater.PopcornPopper,PopcornPopper/1[java.lang.String],description,2
C:\kanmaytacker\observer\src\main\java\com\ramesh\gof\observer\WeatherObserver.java,com.ramesh.gof.observer.WeatherObserver,update/1[com.ramesh.gof.observer.WeatherType],currentWeather,0
C:\kanmaytacker\command\src\main\java\com\ramesh\gof\command\firstexample\MenuOptions.java,com.ramesh.gof.command.firstexample.MenuOptions,"MenuOptions/2[com.ramesh.gof.command.firstexample.ActionListenerCommand,com.ramesh.gof.command.firstexample.ActionListenerCommand]",save,1
C:\kanmaytacker\command\src\main\java\com\ramesh\gof\command\firstexample\MenuOptions.java,com.ramesh.gof.command.firstexample.MenuOptions,"MenuOptions/2[com.ramesh.gof.command.firstexample.ActionListenerCommand,com.ramesh.gof.command.firstexample.ActionListenerCommand]",open,1
C:\kanmaytacker\template-method\src\main\java\com\ramesh\gof\templatemethod\applet\MyApplet.java,com.ramesh.gof.templatemethod.applet.MyApplet,paint/1[java.awt.Graphics],g,1
C:\kanmaytacker\state\src\main\java\com\ramesh\gof\state\firstexample\Context.java,com.ramesh.gof.state.firstexample.Context,setState/1[com.ramesh.gof.state.firstexample.State],state,2
C:\kanmaytacker\composite\src\main\java\com\ramesh\gof\composite\headfirst\menu\MenuTestDrive.java,com.ramesh.gof.composite.headfirst.menu.MenuTestDrive,main/1[java.lang.String[]],args,0
C:\kanmaytacker\composite\src\main\java\com\ramesh\gof\composite\headfirst\menu\MenuTestDrive.java,com.ramesh.gof.composite.headfirst.menu.MenuTestDrive,main/1[java.lang.String[]],pancakeHouseMenu,5
C:\kanmaytacker\composite\src\main\java\com\ramesh\gof\composite\headfirst\menu\MenuTestDrive.java,com.ramesh.gof.composite.headfirst.menu.MenuTestDrive,main/1[java.lang.String[]],waitress,1
C:\kanmaytacker\composite\src\main\java\com\ramesh\gof\composite\headfirst\menu\MenuTestDrive.java,com.ramesh.gof.composite.headfirst.menu.MenuTestDrive,main/1[java.lang.String[]],coffeeMenu,4
C:\kanmaytacker\composite\src\main\java\com\ramesh\gof\composite\headfirst\menu\MenuTestDrive.java,com.ramesh.gof.composite.headfirst.menu.MenuTestDrive,main/1[java.lang.String[]],allMenus,4
C:\kanmaytacker\composite\src\main\java\com\ramesh\gof\composite\headfirst\menu\MenuTestDrive.java,com.ramesh.gof.composite.headfirst.menu.MenuTestDrive,main/1[java.lang.String[]],dessertMenu,4
C:\kanmaytacker\composite\src\main\java\com\ramesh\gof\composite\headfirst\menu\MenuTestDrive.java,com.ramesh.gof.composite.headfirst.menu.MenuTestDrive,main/1[java.lang.String[]],dinerMenu,8
C:\kanmaytacker\composite\src\main\java\com\ramesh\gof\composite\headfirst\menu\MenuTestDrive.java,com.ramesh.gof.composite.headfirst.menu.MenuTestDrive,main/1[java.lang.String[]],cafeMenu,5
C:\kanmaytacker\command\src\main\java\com\ramesh\gof\command\secondexample\InvisibilitySpell.java,com.ramesh.gof.command.secondexample.InvisibilitySpell,execute/1[com.ramesh.gof.command.secondexample.Target],target,3
C:\kanmaytacker\bridge\src\main\java\com\ramesh\gof\bridge\SoulEatingMagicWeapon.java,com.ramesh.gof.bridge.SoulEatingMagicWeapon,SoulEatingMagicWeapon/1[com.ramesh.gof.bridge.SoulEatingMagicWeaponImpl],imp,1
C:\kanmaytacker\bridge\src\main\java\com\ramesh\gof\bridge\BlindingMagicWeapon.java,com.ramesh.gof.bridge.BlindingMagicWeapon,BlindingMagicWeapon/1[com.ramesh.gof.bridge.BlindingMagicWeaponImpl],imp,1
C:\kanmaytacker\composite\src\main\java\com\ramesh\gof\composite\headfirst\menu\MenuItem.java,com.ramesh.gof.composite.headfirst.menu.MenuItem,"MenuItem/4[java.lang.String,java.lang.String,boolean,double]",price,2
C:\kanmaytacker\composite\src\main\java\com\ramesh\gof\composite\headfirst\menu\MenuItem.java,com.ramesh.gof.composite.headfirst.menu.MenuItem,"MenuItem/4[java.lang.String,java.lang.String,boolean,double]",name,2
C:\kanmaytacker\composite\src\main\java\com\ramesh\gof\composite\headfirst\menu\MenuItem.java,com.ramesh.gof.composite.headfirst.menu.MenuItem,"MenuItem/4[java.lang.String,java.lang.String,boolean,double]",vegetarian,2
C:\kanmaytacker\composite\src\main\java\com\ramesh\gof\composite\headfirst\menu\MenuItem.java,com.ramesh.gof.composite.headfirst.menu.MenuItem,"MenuItem/4[java.lang.String,java.lang.String,boolean,double]",description,2
C:\kanmaytacker\proxy\src\main\java\com\ramesh\gof\proxy\Batch.java,com.ramesh.gof.proxy.Batch,registerStudent/1[java.lang.String],name,0
C:\kanmaytacker\factory-pattern\src\main\java\com\ramesh\gof\factory\pizzaa\ChicagoPizzaIngredientFactory.java,com.ramesh.gof.factory.pizzaa.ChicagoPizzaIngredientFactory,createVeggies/0,veggies,1
C:\kanmaytacker\template-method\src\main\java\com\ramesh\gof\templatemethod\barista\BeverageTestDrive.java,com.ramesh.gof.templatemethod.barista.BeverageTestDrive,main/1[java.lang.String[]],args,0
C:\kanmaytacker\template-method\src\main\java\com\ramesh\gof\templatemethod\barista\BeverageTestDrive.java,com.ramesh.gof.templatemethod.barista.BeverageTestDrive,main/1[java.lang.String[]],tea,1
C:\kanmaytacker\template-method\src\main\java\com\ramesh\gof\templatemethod\barista\BeverageTestDrive.java,com.ramesh.gof.templatemethod.barista.BeverageTestDrive,main/1[java.lang.String[]],teaHook,1
C:\kanmaytacker\template-method\src\main\java\com\ramesh\gof\templatemethod\barista\BeverageTestDrive.java,com.ramesh.gof.templatemethod.barista.BeverageTestDrive,main/1[java.lang.String[]],coffee,1
C:\kanmaytacker\template-method\src\main\java\com\ramesh\gof\templatemethod\barista\BeverageTestDrive.java,com.ramesh.gof.templatemethod.barista.BeverageTestDrive,main/1[java.lang.String[]],coffeeHook,1
C:\kanmaytacker\chain-of-responsibility\src\main\java\com\ramesh\gof\chain\OrcKing.java,com.ramesh.gof.chain.OrcKing,makeRequest/1[com.ramesh.gof.chain.Request],req,1
C:\kanmaytacker\command\src\main\java\com\ramesh\gof\command\firstexample\ActionOpen.java,com.ramesh.gof.command.firstexample.ActionOpen,ActionOpen/1[com.ramesh.gof.command.firstexample.Document],doc,2
C:\kanmaytacker\composite\src\main\java\com\ramesh\gof\composite\headfirst\menuiterator\MenuTestDrive.java,com.ramesh.gof.composite.headfirst.menuiterator.MenuTestDrive,main/1[java.lang.String[]],args,0
C:\kanmaytacker\composite\src\main\java\com\ramesh\gof\composite\headfirst\menuiterator\MenuTestDrive.java,com.ramesh.gof.composite.headfirst.menuiterator.MenuTestDrive,main/1[java.lang.String[]],pancakeHouseMenu,5
C:\kanmaytacker\composite\src\main\java\com\ramesh\gof\composite\headfirst\menuiterator\MenuTestDrive.java,com.ramesh.gof.composite.headfirst.menuiterator.MenuTestDrive,main/1[java.lang.String[]],waitress,1
C:\kanmaytacker\composite\src\main\java\com\ramesh\gof\composite\headfirst\menuiterator\MenuTestDrive.java,com.ramesh.gof.composite.headfirst.menuiterator.MenuTestDrive,main/1[java.lang.String[]],allMenus,4
C:\kanmaytacker\composite\src\main\java\com\ramesh\gof\composite\headfirst\menuiterator\MenuTestDrive.java,com.ramesh.gof.composite.headfirst.menuiterator.MenuTestDrive,main/1[java.lang.String[]],dessertMenu,4
C:\kanmaytacker\composite\src\main\java\com\ramesh\gof\composite\headfirst\menuiterator\MenuTestDrive.java,com.ramesh.gof.composite.headfirst.menuiterator.MenuTestDrive,main/1[java.lang.String[]],dinerMenu,8
C:\kanmaytacker\composite\src\main\java\com\ramesh\gof\composite\headfirst\menuiterator\MenuTestDrive.java,com.ramesh.gof.composite.headfirst.menuiterator.MenuTestDrive,main/1[java.lang.String[]],cafeMenu,4
C:\kanmaytacker\factory-pattern\src\main\java\com\ramesh\gof\factory\pizzafm\PizzaTestDrive.java,com.ramesh.gof.factory.pizzafm.PizzaTestDrive,main/1[java.lang.String[]],args,0
C:\kanmaytacker\factory-pattern\src\main\java\com\ramesh\gof\factory\pizzafm\PizzaTestDrive.java,com.ramesh.gof.factory.pizzafm.PizzaTestDrive,main/1[java.lang.String[]],chicagoStore,4
C:\kanmaytacker\factory-pattern\src\main\java\com\ramesh\gof\factory\pizzafm\PizzaTestDrive.java,com.ramesh.gof.factory.pizzafm.PizzaTestDrive,main/1[java.lang.String[]],pizza,15
C:\kanmaytacker\factory-pattern\src\main\java\com\ramesh\gof\factory\pizzafm\PizzaTestDrive.java,com.ramesh.gof.factory.pizzafm.PizzaTestDrive,main/1[java.lang.String[]],nyStore,4
C:\kanmaytacker\adapter\src\main\java\com\ramesh\gof\adapter\BankDetails.java,com.ramesh.gof.adapter.BankDetails,setAccHolderName/1[java.lang.String],accHolderName,2
C:\kanmaytacker\adapter\src\main\java\com\ramesh\gof\adapter\BankDetails.java,com.ramesh.gof.adapter.BankDetails,setBankName/1[java.lang.String],bankName,2
C:\kanmaytacker\adapter\src\main\java\com\ramesh\gof\adapter\BankDetails.java,com.ramesh.gof.adapter.BankDetails,setAccNumber/1[long],accNumber,2
C:\kanmaytacker\src\main\java\com\ramesh\gof\facade\hometheater\Screen.java,com.ramesh.gof.facade.hometheater.Screen,Screen/1[java.lang.String],description,2
C:\kanmaytacker\factory-pattern\src\main\java\com\ramesh\gof\factory\pizzafm\ChicagoPizzaStore.java,com.ramesh.gof.factory.pizzafm.ChicagoPizzaStore,createPizza/1[java.lang.String],item,4
C:\kanmaytacker\bridge\src\main\java\com\ramesh\gof\bridge\FlyingMagicWeapon.java,com.ramesh.gof.bridge.FlyingMagicWeapon,FlyingMagicWeapon/1[com.ramesh.gof.bridge.FlyingMagicWeaponImpl],imp,1
C:\kanmaytacker\prototype\src\main\java\com\ramesh\gof\prototype\HeroFactoryImpl.java,com.ramesh.gof.prototype.HeroFactoryImpl,createBeast/0,e,0
C:\kanmaytacker\prototype\src\main\java\com\ramesh\gof\prototype\HeroFactoryImpl.java,com.ramesh.gof.prototype.HeroFactoryImpl,"HeroFactoryImpl/3[com.ramesh.gof.prototype.Mage,com.ramesh.gof.prototype.Warlord,com.ramesh.gof.prototype.Beast]",mage,2
C:\kanmaytacker\prototype\src\main\java\com\ramesh\gof\prototype\HeroFactoryImpl.java,com.ramesh.gof.prototype.HeroFactoryImpl,"HeroFactoryImpl/3[com.ramesh.gof.prototype.Mage,com.ramesh.gof.prototype.Warlord,com.ramesh.gof.prototype.Beast]",warlord,2
C:\kanmaytacker\prototype\src\main\java\com\ramesh\gof\prototype\HeroFactoryImpl.java,com.ramesh.gof.prototype.HeroFactoryImpl,"HeroFactoryImpl/3[com.ramesh.gof.prototype.Mage,com.ramesh.gof.prototype.Warlord,com.ramesh.gof.prototype.Beast]",beast,2
C:\kanmaytacker\prototype\src\main\java\com\ramesh\gof\prototype\HeroFactoryImpl.java,com.ramesh.gof.prototype.HeroFactoryImpl,createMage/0,e,0
C:\kanmaytacker\prototype\src\main\java\com\ramesh\gof\prototype\HeroFactoryImpl.java,com.ramesh.gof.prototype.HeroFactoryImpl,createWarlord/0,e,0
C:\kanmaytacker\strategy\src\main\java\com\ramesh\gof\stratergy\OperationDevision.java,com.ramesh.gof.stratergy.OperationDevision,"doOperation/2[int,int]",num1,1
C:\kanmaytacker\strategy\src\main\java\com\ramesh\gof\stratergy\OperationDevision.java,com.ramesh.gof.stratergy.OperationDevision,"doOperation/2[int,int]",num2,1
C:\kanmaytacker\iterator\src\main\java\com\ramesh\gof\iterator\TreasureChest.java,com.ramesh.gof.iterator.TreasureChest,getItems/0,list,2
C:\kanmaytacker\iterator\src\main\java\com\ramesh\gof\iterator\TreasureChest.java,com.ramesh.gof.iterator.TreasureChest,iterator/1[com.ramesh.gof.iterator.ItemType],itemType,1
C:\kanmaytacker\chain-of-responsibility\src\main\java\com\ramesh\gof\chain\RequestHandler.java,com.ramesh.gof.chain.RequestHandler,handleRequest/1[com.ramesh.gof.chain.Request],req,1
C:\kanmaytacker\chain-of-responsibility\src\main\java\com\ramesh\gof\chain\RequestHandler.java,com.ramesh.gof.chain.RequestHandler,RequestHandler/1[com.ramesh.gof.chain.RequestHandler],next,2
C:\kanmaytacker\chain-of-responsibility\src\main\java\com\ramesh\gof\chain\RequestHandler.java,com.ramesh.gof.chain.RequestHandler,printHandling/1[com.ramesh.gof.chain.Request],req,1
C:\kanmaytacker\proxy\src\main\java\com\ramesh\gof\proxy\secondexample\App.java,com.ramesh.gof.proxy.secondexample.App,main/1[java.lang.String[]],args,0
C:\kanmaytacker\proxy\src\main\java\com\ramesh\gof\proxy\secondexample\App.java,com.ramesh.gof.proxy.secondexample.App,main/1[java.lang.String[]],tower,5
C:\kanmaytacker\template-method\src\main\java\com\ramesh\gof\templatemethod\frame\MyFrame.java,com.ramesh.gof.templatemethod.frame.MyFrame,MyFrame/1[java.lang.String],title,1
C:\kanmaytacker\template-method\src\main\java\com\ramesh\gof\templatemethod\frame\MyFrame.java,com.ramesh.gof.templatemethod.frame.MyFrame,main/1[java.lang.String[]],args,0
C:\kanmaytacker\template-method\src\main\java\com\ramesh\gof\templatemethod\frame\MyFrame.java,com.ramesh.gof.templatemethod.frame.MyFrame,main/1[java.lang.String[]],myFrame,0
C:\kanmaytacker\template-method\src\main\java\com\ramesh\gof\templatemethod\frame\MyFrame.java,com.ramesh.gof.templatemethod.frame.MyFrame,paint/1[java.awt.Graphics],msg,1
C:\kanmaytacker\template-method\src\main\java\com\ramesh\gof\templatemethod\frame\MyFrame.java,com.ramesh.gof.templatemethod.frame.MyFrame,paint/1[java.awt.Graphics],graphics,2
C:\kanmaytacker\factory-pattern\src\main\java\com\ramesh\gof\factory\pizzaa\PizzaStore.java,com.ramesh.gof.factory.pizzaa.PizzaStore,createPizza/1[java.lang.String],item,0
C:\kanmaytacker\factory-pattern\src\main\java\com\ramesh\gof\factory\pizzaa\PizzaStore.java,com.ramesh.gof.factory.pizzaa.PizzaStore,orderPizza/1[java.lang.String],pizza,6
C:\kanmaytacker\factory-pattern\src\main\java\com\ramesh\gof\factory\pizzaa\PizzaStore.java,com.ramesh.gof.factory.pizzaa.PizzaStore,orderPizza/1[java.lang.String],type,1
C:\kanmaytacker\flyweight\src\main\java\com\ramesh\gof\flyweight\App.java,com.ramesh.gof.flyweight.App,main/1[java.lang.String[]],args,0
C:\kanmaytacker\flyweight\src\main\java\com\ramesh\gof\flyweight\App.java,com.ramesh.gof.flyweight.App,main/1[java.lang.String[]],alchemistShop,1
C:\kanmaytacker\chain-of-responsibility\src\main\java\com\ramesh\gof\chain\OrcOfficer.java,com.ramesh.gof.chain.OrcOfficer,OrcOfficer/1[com.ramesh.gof.chain.RequestHandler],handler,1
C:\kanmaytacker\chain-of-responsibility\src\main\java\com\ramesh\gof\chain\OrcOfficer.java,com.ramesh.gof.chain.OrcOfficer,handleRequest/1[com.ramesh.gof.chain.Request],req,4
C:\kanmaytacker\decorator\src\main\java\com\ramesh\gof\decorator\headfirst\Mocha.java,com.ramesh.gof.decorator.headfirst.Mocha,Mocha/1[com.ramesh.gof.decorator.headfirst.Beverage],beverage,2
C:\kanmaytacker\composite\src\main\java\com\ramesh\gof\composite\Letter.java,com.ramesh.gof.composite.Letter,Letter/1[char],c,2
C:\kanmaytacker\observer\src\main\java\com\ramesh\gof\observer\Orcs.java,com.ramesh.gof.observer.Orcs,update/1[com.ramesh.gof.observer.WeatherType],currentWeather,1
C:\kanmaytacker\composite\src\main\java\com\ramesh\gof\composite\App.java,com.ramesh.gof.composite.App,main/1[java.lang.String[]],args,0
C:\kanmaytacker\composite\src\main\java\com\ramesh\gof\composite\App.java,com.ramesh.gof.composite.App,main/1[java.lang.String[]],elfMessage,1
C:\kanmaytacker\composite\src\main\java\com\ramesh\gof\composite\App.java,com.ramesh.gof.composite.App,main/1[java.lang.String[]],orcMessage,1
C:\kanmaytacker\decorator\src\main\java\com\ramesh\gof\decorator\SmartHostile.java,com.ramesh.gof.decorator.SmartHostile,SmartHostile/1[com.ramesh.gof.decorator.Hostile],decorated,2
C:\kanmaytacker\strategy\src\main\java\com\ramesh\gof\stratergy\Strategy.java,com.ramesh.gof.stratergy.Strategy,"doOperation/2[int,int]",num1,0
C:\kanmaytacker\strategy\src\main\java\com\ramesh\gof\stratergy\Strategy.java,com.ramesh.gof.stratergy.Strategy,"doOperation/2[int,int]",num2,0
C:\kanmaytacker\factory-pattern\src\main\java\com\ramesh\gof\factory\pizzas\Pizza.java,com.ramesh.gof.factory.pizzas.Pizza,toString/0,display,5
C:\kanmaytacker\factory-pattern\src\main\java\com\ramesh\gof\factory\pizzas\Pizza.java,com.ramesh.gof.factory.pizzas.Pizza,toString/0,i,3
C:\kanmaytacker\strategy\src\main\java\com\ramesh\gof\stratergy\OperationMultiply.java,com.ramesh.gof.stratergy.OperationMultiply,"doOperation/2[int,int]",num1,1
C:\kanmaytacker\strategy\src\main\java\com\ramesh\gof\stratergy\OperationMultiply.java,com.ramesh.gof.stratergy.OperationMultiply,"doOperation/2[int,int]",num2,1
C:\kanmaytacker\command\src\main\java\com\ramesh\gof\command\secondexample\App.java,com.ramesh.gof.command.secondexample.App,main/1[java.lang.String[]],args,0
C:\kanmaytacker\command\src\main\java\com\ramesh\gof\command\secondexample\App.java,com.ramesh.gof.command.secondexample.App,main/1[java.lang.String[]],wizard,6
C:\kanmaytacker\command\src\main\java\com\ramesh\gof\command\secondexample\App.java,com.ramesh.gof.command.secondexample.App,main/1[java.lang.String[]],goblin,9
C:\kanmaytacker\iterator\src\main\java\com\ramesh\gof\iterator\TreasureChestItemIterator.java,com.ramesh.gof.iterator.TreasureChestItemIterator,"TreasureChestItemIterator/2[com.ramesh.gof.iterator.TreasureChest,com.ramesh.gof.iterator.ItemType]",chest,2
C:\kanmaytacker\iterator\src\main\java\com\ramesh\gof\iterator\TreasureChestItemIterator.java,com.ramesh.gof.iterator.TreasureChestItemIterator,"TreasureChestItemIterator/2[com.ramesh.gof.iterator.TreasureChest,com.ramesh.gof.iterator.ItemType]",type,2
C:\kanmaytacker\iterator\src\main\java\com\ramesh\gof\iterator\TreasureChestItemIterator.java,com.ramesh.gof.iterator.TreasureChestItemIterator,findNextIdx/0,found,1
C:\kanmaytacker\iterator\src\main\java\com\ramesh\gof\iterator\TreasureChestItemIterator.java,com.ramesh.gof.iterator.TreasureChestItemIterator,findNextIdx/0,tempIdx,5
C:\kanmaytacker\iterator\src\main\java\com\ramesh\gof\iterator\TreasureChestItemIterator.java,com.ramesh.gof.iterator.TreasureChestItemIterator,findNextIdx/0,items,2
C:\kanmaytacker\src\main\java\com\ramesh\gof\facade\hometheater\Tuner.java,com.ramesh.gof.facade.hometheater.Tuner,"Tuner/2[java.lang.String,com.ramesh.gof.facade.hometheater.Amplifier]",description,2
C:\kanmaytacker\src\main\java\com\ramesh\gof\facade\hometheater\Tuner.java,com.ramesh.gof.facade.hometheater.Tuner,"Tuner/2[java.lang.String,com.ramesh.gof.facade.hometheater.Amplifier]",amplifier,0
C:\kanmaytacker\src\main\java\com\ramesh\gof\facade\hometheater\Tuner.java,com.ramesh.gof.facade.hometheater.Tuner,setFrequency/1[double],frequency,3
C:\kanmaytacker\factory-pattern\src\main\java\com\ramesh\gof\factory\pizzafm\NYPizzaStore.java,com.ramesh.gof.factory.pizzafm.NYPizzaStore,createPizza/1[java.lang.String],item,4
C:\kanmaytacker\src\main\java\com\ramesh\gof\facade\hometheater\HomeTheaterTestDrive.java,com.ramesh.gof.facade.hometheater.HomeTheaterTestDrive,main/1[java.lang.String[]],args,0
C:\kanmaytacker\src\main\java\com\ramesh\gof\facade\hometheater\HomeTheaterTestDrive.java,com.ramesh.gof.facade.hometheater.HomeTheaterTestDrive,main/1[java.lang.String[]],cd,1
C:\kanmaytacker\src\main\java\com\ramesh\gof\facade\hometheater\HomeTheaterTestDrive.java,com.ramesh.gof.facade.hometheater.HomeTheaterTestDrive,main/1[java.lang.String[]],tuner,1
C:\kanmaytacker\src\main\java\com\ramesh\gof\facade\hometheater\HomeTheaterTestDrive.java,com.ramesh.gof.facade.hometheater.HomeTheaterTestDrive,main/1[java.lang.String[]],dvd,2
C:\kanmaytacker\src\main\java\com\ramesh\gof\facade\hometheater\HomeTheaterTestDrive.java,com.ramesh.gof.facade.hometheater.HomeTheaterTestDrive,main/1[java.lang.String[]],popper,1
C:\kanmaytacker\src\main\java\com\ramesh\gof\facade\hometheater\HomeTheaterTestDrive.java,com.ramesh.gof.facade.hometheater.HomeTheaterTestDrive,main/1[java.lang.String[]],amp,4
C:\kanmaytacker\src\main\java\com\ramesh\gof\facade\hometheater\HomeTheaterTestDrive.java,com.ramesh.gof.facade.hometheater.HomeTheaterTestDrive,main/1[java.lang.String[]],projector,1
C:\kanmaytacker\src\main\java\com\ramesh\gof\facade\hometheater\HomeTheaterTestDrive.java,com.ramesh.gof.facade.hometheater.HomeTheaterTestDrive,main/1[java.lang.String[]],screen,1
C:\kanmaytacker\src\main\java\com\ramesh\gof\facade\hometheater\HomeTheaterTestDrive.java,com.ramesh.gof.facade.hometheater.HomeTheaterTestDrive,main/1[java.lang.String[]],homeTheater,2
C:\kanmaytacker\src\main\java\com\ramesh\gof\facade\hometheater\HomeTheaterTestDrive.java,com.ramesh.gof.facade.hometheater.HomeTheaterTestDrive,main/1[java.lang.String[]],lights,1
C:\kanmaytacker\composite\src\main\java\com\ramesh\gof\composite\headfirst\menuiterator\MenuComponent.java,com.ramesh.gof.composite.headfirst.menuiterator.MenuComponent,remove/1[com.ramesh.gof.composite.headfirst.menuiterator.MenuComponent],menuComponent,0
C:\kanmaytacker\composite\src\main\java\com\ramesh\gof\composite\headfirst\menuiterator\MenuComponent.java,com.ramesh.gof.composite.headfirst.menuiterator.MenuComponent,getChild/1[int],i,0
C:\kanmaytacker\composite\src\main\java\com\ramesh\gof\composite\headfirst\menuiterator\MenuComponent.java,com.ramesh.gof.composite.headfirst.menuiterator.MenuComponent,add/1[com.ramesh.gof.composite.headfirst.menuiterator.MenuComponent],menuComponent,0
C:\kanmaytacker\proxy\src\main\java\com\ramesh\gof\proxy\CourseBatch.java,com.ramesh.gof.proxy.CourseBatch,registerStudent/1[java.lang.String],name,2
C:\kanmaytacker\src\main\java\com\ramesh\gof\facade\hometheater\DvdPlayer.java,com.ramesh.gof.facade.hometheater.DvdPlayer,play/1[int],track,2
C:\kanmaytacker\src\main\java\com\ramesh\gof\facade\hometheater\DvdPlayer.java,com.ramesh.gof.facade.hometheater.DvdPlayer,"DvdPlayer/2[java.lang.String,com.ramesh.gof.facade.hometheater.Amplifier]",description,2
C:\kanmaytacker\src\main\java\com\ramesh\gof\facade\hometheater\DvdPlayer.java,com.ramesh.gof.facade.hometheater.DvdPlayer,"DvdPlayer/2[java.lang.String,com.ramesh.gof.facade.hometheater.Amplifier]",amplifier,2
C:\kanmaytacker\src\main\java\com\ramesh\gof\facade\hometheater\DvdPlayer.java,com.ramesh.gof.facade.hometheater.DvdPlayer,play/1[java.lang.String],movie,3
C:\kanmaytacker\command\src\main\java\com\ramesh\gof\command\secondexample\Command.java,com.ramesh.gof.command.secondexample.Command,execute/1[com.ramesh.gof.command.secondexample.Target],target,0
C:\kanmaytacker\factory-pattern\src\main\java\com\ramesh\gof\factory\pizzaa\ClamPizza.java,com.ramesh.gof.factory.pizzaa.ClamPizza,ClamPizza/1[com.ramesh.gof.factory.pizzaa.PizzaIngredientFactory],ingredientFactory,2
C:\kanmaytacker\proxy\src\main\java\com\ramesh\gof\proxy\TestProxyPattern.java,com.ramesh.gof.proxy.TestProxyPattern,main/1[java.lang.String[]],args,0
C:\kanmaytacker\proxy\src\main\java\com\ramesh\gof\proxy\TestProxyPattern.java,com.ramesh.gof.proxy.TestProxyPattern,main/1[java.lang.String[]],courseBatch,1
C:\kanmaytacker\proxy\src\main\java\com\ramesh\gof\proxy\TestProxyPattern.java,com.ramesh.gof.proxy.TestProxyPattern,main/1[java.lang.String[]],proxyBatch,13
C:\kanmaytacker\template-method\src\main\java\com\ramesh\gof\templatemethod\sort\Duck.java,com.ramesh.gof.templatemethod.sort.Duck,"Duck/2[java.lang.String,int]",name,2
C:\kanmaytacker\template-method\src\main\java\com\ramesh\gof\templatemethod\sort\Duck.java,com.ramesh.gof.templatemethod.sort.Duck,"Duck/2[java.lang.String,int]",weight,2
C:\kanmaytacker\template-method\src\main\java\com\ramesh\gof\templatemethod\sort\Duck.java,com.ramesh.gof.templatemethod.sort.Duck,compareTo/1[java.lang.Object],otherDuck,2
C:\kanmaytacker\template-method\src\main\java\com\ramesh\gof\templatemethod\sort\Duck.java,com.ramesh.gof.templatemethod.sort.Duck,compareTo/1[java.lang.Object],object,1
C:\kanmaytacker\composite\src\main\java\com\ramesh\gof\composite\Messenger.java,com.ramesh.gof.composite.Messenger,messageFromOrcs/0,words,10
C:\kanmaytacker\composite\src\main\java\com\ramesh\gof\composite\Messenger.java,com.ramesh.gof.composite.Messenger,messageFromElves/0,words,7
C:\kanmaytacker\composite\src\main\java\com\ramesh\gof\composite\headfirst\menu\MenuComponent.java,com.ramesh.gof.composite.headfirst.menu.MenuComponent,add/1[com.ramesh.gof.composite.headfirst.menu.MenuComponent],menuComponent,0
C:\kanmaytacker\composite\src\main\java\com\ramesh\gof\composite\headfirst\menu\MenuComponent.java,com.ramesh.gof.composite.headfirst.menu.MenuComponent,getChild/1[int],i,0
C:\kanmaytacker\composite\src\main\java\com\ramesh\gof\composite\headfirst\menu\MenuComponent.java,com.ramesh.gof.composite.headfirst.menu.MenuComponent,remove/1[com.ramesh.gof.composite.headfirst.menu.MenuComponent],menuComponent,0
C:\kanmaytacker\decorator\src\main\java\com\ramesh\gof\decorator\headfirst\Whip.java,com.ramesh.gof.decorator.headfirst.Whip,Whip/1[com.ramesh.gof.decorator.headfirst.Beverage],beverage,2
C:\kanmaytacker\decorator\src\main\java\com\ramesh\gof\decorator\headfirst\Soy.java,com.ramesh.gof.decorator.headfirst.Soy,Soy/1[com.ramesh.gof.decorator.headfirst.Beverage],beverage,2
C:\kanmaytacker\factory-pattern\src\main\java\com\ramesh\gof\factory\pizzafm\PizzaStore.java,com.ramesh.gof.factory.pizzafm.PizzaStore,createPizza/1[java.lang.String],item,0
C:\kanmaytacker\factory-pattern\src\main\java\com\ramesh\gof\factory\pizzafm\PizzaStore.java,com.ramesh.gof.factory.pizzafm.PizzaStore,orderPizza/1[java.lang.String],pizza,6
C:\kanmaytacker\factory-pattern\src\main\java\com\ramesh\gof\factory\pizzafm\PizzaStore.java,com.ramesh.gof.factory.pizzafm.PizzaStore,orderPizza/1[java.lang.String],type,1
C:\kanmaytacker\proxy\src\main\java\com\ramesh\gof\proxy\secondexample\Wizard.java,com.ramesh.gof.proxy.secondexample.Wizard,Wizard/1[java.lang.String],name,2
C:\kanmaytacker\command\src\main\java\com\ramesh\gof\command\secondexample\Visibility.java,com.ramesh.gof.command.secondexample.Visibility,Visibility/1[java.lang.String],title,2
C:\kanmaytacker\chain-of-responsibility\src\main\java\com\ramesh\gof\chain\OrcCommander.java,com.ramesh.gof.chain.OrcCommander,handleRequest/1[com.ramesh.gof.chain.Request],req,4
C:\kanmaytacker\chain-of-responsibility\src\main\java\com\ramesh\gof\chain\OrcCommander.java,com.ramesh.gof.chain.OrcCommander,OrcCommander/1[com.ramesh.gof.chain.RequestHandler],handler,1
C:\kanmaytacker\factory-pattern\src\main\java\com\ramesh\gof\factory\pizzaa\Pizza.java,com.ramesh.gof.factory.pizzaa.Pizza,setName/1[java.lang.String],name,2
C:\kanmaytacker\factory-pattern\src\main\java\com\ramesh\gof\factory\pizzaa\Pizza.java,com.ramesh.gof.factory.pizzaa.Pizza,toString/0,result,15
C:\kanmaytacker\factory-pattern\src\main\java\com\ramesh\gof\factory\pizzaa\Pizza.java,com.ramesh.gof.factory.pizzaa.Pizza,toString/0,i,4
C:\kanmaytacker\command\src\main\java\com\ramesh\gof\command\secondexample\Wizard.java,com.ramesh.gof.command.secondexample.Wizard,"castSpell/2[com.ramesh.gof.command.secondexample.Command,com.ramesh.gof.command.secondexample.Target]",command,3
C:\kanmaytacker\command\src\main\java\com\ramesh\gof\command\secondexample\Wizard.java,com.ramesh.gof.command.secondexample.Wizard,"castSpell/2[com.ramesh.gof.command.secondexample.Command,com.ramesh.gof.command.secondexample.Target]",target,2
C:\kanmaytacker\command\src\main\java\com\ramesh\gof\command\secondexample\Wizard.java,com.ramesh.gof.command.secondexample.Wizard,undoLastSpell/0,previousSpell,3
C:\kanmaytacker\command\src\main\java\com\ramesh\gof\command\secondexample\Wizard.java,com.ramesh.gof.command.secondexample.Wizard,redoLastSpell/0,previousSpell,3
C:\kanmaytacker\composite\src\main\java\com\ramesh\gof\composite\headfirst\menu\Waitress.java,com.ramesh.gof.composite.headfirst.menu.Waitress,Waitress/1[com.ramesh.gof.composite.headfirst.menu.MenuComponent],allMenus,2
C:\kanmaytacker\builder\src\main\java\com\iluwatar\builder\Hero.java,com.iluwatar.builder.Hero,Hero/1[com.iluwatar.builder.Hero.Builder],builder,6
C:\kanmaytacker\builder\src\main\java\com\iluwatar\builder\Hero.java,com.iluwatar.builder.Hero,toString/0,sb,9
C:\kanmaytacker\command\src\main\java\com\ramesh\gof\command\firstexample\ActionSave.java,com.ramesh.gof.command.firstexample.ActionSave,ActionSave/1[com.ramesh.gof.command.firstexample.Document],doc,2
C:\kanmaytacker\observer\src\main\java\com\ramesh\gof\observer\App.java,com.ramesh.gof.observer.App,main/1[java.lang.String[]],args,0
C:\kanmaytacker\observer\src\main\java\com\ramesh\gof\observer\App.java,com.ramesh.gof.observer.App,main/1[java.lang.String[]],gWeather,6
C:\kanmaytacker\observer\src\main\java\com\ramesh\gof\observer\App.java,com.ramesh.gof.observer.App,main/1[java.lang.String[]],weather,6
C:\kanmaytacker\observer\src\main\java\com\ramesh\gof\observer\generic\GOrcs.java,com.ramesh.gof.observer.generic.GOrcs,"update/2[com.ramesh.gof.observer.generic.GWeather,com.ramesh.gof.observer.WeatherType]",weatherType,1
C:\kanmaytacker\observer\src\main\java\com\ramesh\gof\observer\generic\GOrcs.java,com.ramesh.gof.observer.generic.GOrcs,"update/2[com.ramesh.gof.observer.generic.GWeather,com.ramesh.gof.observer.WeatherType]",weather,0
C:\kanmaytacker\iterator\src\main\java\com\ramesh\gof\iterator\Item.java,com.ramesh.gof.iterator.Item,"Item/2[com.ramesh.gof.iterator.ItemType,java.lang.String]",name,2
C:\kanmaytacker\iterator\src\main\java\com\ramesh\gof\iterator\Item.java,com.ramesh.gof.iterator.Item,"Item/2[com.ramesh.gof.iterator.ItemType,java.lang.String]",type,1
C:\kanmaytacker\iterator\src\main\java\com\ramesh\gof\iterator\Item.java,com.ramesh.gof.iterator.Item,setType/1[com.ramesh.gof.iterator.ItemType],type,2
C:\kanmaytacker\observer\src\main\java\com\ramesh\gof\observer\generic\GWeather.java,com.ramesh.gof.observer.generic.GWeather,timePasses/0,enumValues,2
C:\kanmaytacker\singleton\src\main\java\com\ramesh\gof\singleton\ThreadSafeDoubleCheckLocking.java,com.ramesh.gof.singleton.ThreadSafeDoubleCheckLocking,getInstance/0,result,5
C:\kanmaytacker\flyweight\src\main\java\com\ramesh\gof\flyweight\PotionFactory.java,com.ramesh.gof.flyweight.PotionFactory,createPotion/1[com.ramesh.gof.flyweight.PotionType],potion,12
C:\kanmaytacker\flyweight\src\main\java\com\ramesh\gof\flyweight\PotionFactory.java,com.ramesh.gof.flyweight.PotionFactory,createPotion/1[com.ramesh.gof.flyweight.PotionType],type,7
C:\kanmaytacker\state\src\main\java\com\ramesh\gof\state\firstexample\State.java,com.ramesh.gof.state.firstexample.State,doAction/1[com.ramesh.gof.state.firstexample.Context],context,0
C:\kanmaytacker\composite\src\main\java\com\ramesh\gof\composite\headfirst\menuiterator\Menu.java,com.ramesh.gof.composite.headfirst.menuiterator.Menu,"Menu/2[java.lang.String,java.lang.String]",name,2
C:\kanmaytacker\composite\src\main\java\com\ramesh\gof\composite\headfirst\menuiterator\Menu.java,com.ramesh.gof.composite.headfirst.menuiterator.Menu,"Menu/2[java.lang.String,java.lang.String]",description,2
C:\kanmaytacker\composite\src\main\java\com\ramesh\gof\composite\headfirst\menuiterator\Menu.java,com.ramesh.gof.composite.headfirst.menuiterator.Menu,add/1[com.ramesh.gof.composite.headfirst.menuiterator.MenuComponent],menuComponent,1
C:\kanmaytacker\composite\src\main\java\com\ramesh\gof\composite\headfirst\menuiterator\Menu.java,com.ramesh.gof.composite.headfirst.menuiterator.Menu,print/0,iterator,3
C:\kanmaytacker\composite\src\main\java\com\ramesh\gof\composite\headfirst\menuiterator\Menu.java,com.ramesh.gof.composite.headfirst.menuiterator.Menu,print/0,menuComponent,1
C:\kanmaytacker\composite\src\main\java\com\ramesh\gof\composite\headfirst\menuiterator\Menu.java,com.ramesh.gof.composite.headfirst.menuiterator.Menu,getChild/1[int],i,1
C:\kanmaytacker\composite\src\main\java\com\ramesh\gof\composite\headfirst\menuiterator\Menu.java,com.ramesh.gof.composite.headfirst.menuiterator.Menu,remove/1[com.ramesh.gof.composite.headfirst.menuiterator.MenuComponent],menuComponent,1
C:\kanmaytacker\decorator\src\main\java\com\ramesh\gof\decorator\headfirst\io\InputTest.java,com.ramesh.gof.decorator.headfirst.io.InputTest,main/1[java.lang.String[]],args,0
C:\kanmaytacker\decorator\src\main\java\com\ramesh\gof\decorator\headfirst\io\InputTest.java,com.ramesh.gof.decorator.headfirst.io.InputTest,main/1[java.lang.String[]],c,2
C:\kanmaytacker\decorator\src\main\java\com\ramesh\gof\decorator\headfirst\io\InputTest.java,com.ramesh.gof.decorator.headfirst.io.InputTest,main/1[java.lang.String[]],in,2
C:\kanmaytacker\decorator\src\main\java\com\ramesh\gof\decorator\headfirst\io\InputTest.java,com.ramesh.gof.decorator.headfirst.io.InputTest,main/1[java.lang.String[]],e,1
C:\kanmaytacker\factory-pattern\src\main\java\com\ramesh\gof\factory\pizzafm\Pizza.java,com.ramesh.gof.factory.pizzafm.Pizza,prepare/0,i,3
C:\kanmaytacker\factory-pattern\src\main\java\com\ramesh\gof\factory\pizzafm\Pizza.java,com.ramesh.gof.factory.pizzafm.Pizza,toString/0,display,5
C:\kanmaytacker\factory-pattern\src\main\java\com\ramesh\gof\factory\pizzafm\Pizza.java,com.ramesh.gof.factory.pizzafm.Pizza,toString/0,i,3
C:\kanmaytacker\singleton\src\main\java\com\ramesh\gof\singleton\App.java,com.ramesh.gof.singleton.App,main/1[java.lang.String[]],args,0
C:\kanmaytacker\singleton\src\main\java\com\ramesh\gof\singleton\App.java,com.ramesh.gof.singleton.App,main/1[java.lang.String[]],threadSafeIvoryTower2,1
C:\kanmaytacker\singleton\src\main\java\com\ramesh\gof\singleton\App.java,com.ramesh.gof.singleton.App,main/1[java.lang.String[]],threadSafeIvoryTower1,1
C:\kanmaytacker\singleton\src\main\java\com\ramesh\gof\singleton\App.java,com.ramesh.gof.singleton.App,main/1[java.lang.String[]],enumIvoryTower2,1
C:\kanmaytacker\singleton\src\main\java\com\ramesh\gof\singleton\App.java,com.ramesh.gof.singleton.App,main/1[java.lang.String[]],enumIvoryTower1,1
C:\kanmaytacker\singleton\src\main\java\com\ramesh\gof\singleton\App.java,com.ramesh.gof.singleton.App,main/1[java.lang.String[]],ivoryTower2,1
C:\kanmaytacker\singleton\src\main\java\com\ramesh\gof\singleton\App.java,com.ramesh.gof.singleton.App,main/1[java.lang.String[]],ivoryTower1,1
C:\kanmaytacker\singleton\src\main\java\com\ramesh\gof\singleton\App.java,com.ramesh.gof.singleton.App,main/1[java.lang.String[]],dcl1,1
C:\kanmaytacker\singleton\src\main\java\com\ramesh\gof\singleton\App.java,com.ramesh.gof.singleton.App,main/1[java.lang.String[]],dcl2,1
C:\kanmaytacker\singleton\src\main\java\com\ramesh\gof\singleton\App.java,com.ramesh.gof.singleton.App,main/1[java.lang.String[]],demandHolderIdiom,1
C:\kanmaytacker\singleton\src\main\java\com\ramesh\gof\singleton\App.java,com.ramesh.gof.singleton.App,main/1[java.lang.String[]],demandHolderIdiom2,1
C:\kanmaytacker\decorator\src\main\java\com\ramesh\gof\decorator\App.java,com.ramesh.gof.decorator.App,main/1[java.lang.String[]],args,0
C:\kanmaytacker\decorator\src\main\java\com\ramesh\gof\decorator\App.java,com.ramesh.gof.decorator.App,main/1[java.lang.String[]],troll,4
C:\kanmaytacker\decorator\src\main\java\com\ramesh\gof\decorator\App.java,com.ramesh.gof.decorator.App,main/1[java.lang.String[]],smart,3
C:\kanmaytacker\bridge\src\main\java\com\ramesh\gof\bridge\secondexample\Hammer.java,com.ramesh.gof.bridge.secondexample.Hammer,Hammer/1[com.ramesh.gof.bridge.secondexample.Enchantment],enchantment,2
C:\kanmaytacker\chain-of-responsibility\src\main\java\com\ramesh\gof\chain\Request.java,com.ramesh.gof.chain.Request,"Request/2[com.ramesh.gof.chain.RequestType,java.lang.String]",requestType,2
C:\kanmaytacker\chain-of-responsibility\src\main\java\com\ramesh\gof\chain\Request.java,com.ramesh.gof.chain.Request,"Request/2[com.ramesh.gof.chain.RequestType,java.lang.String]",requestDescription,2
C:\kanmaytacker\decorator\src\main\java\com\ramesh\gof\decorator\headfirst\StarbuzzCoffee.java,com.ramesh.gof.decorator.headfirst.StarbuzzCoffee,main/1[java.lang.String[]],args,0
C:\kanmaytacker\decorator\src\main\java\com\ramesh\gof\decorator\headfirst\StarbuzzCoffee.java,com.ramesh.gof.decorator.headfirst.StarbuzzCoffee,main/1[java.lang.String[]],beverage3,8
C:\kanmaytacker\decorator\src\main\java\com\ramesh\gof\decorator\headfirst\StarbuzzCoffee.java,com.ramesh.gof.decorator.headfirst.StarbuzzCoffee,main/1[java.lang.String[]],beverage2,8
C:\kanmaytacker\decorator\src\main\java\com\ramesh\gof\decorator\headfirst\StarbuzzCoffee.java,com.ramesh.gof.decorator.headfirst.StarbuzzCoffee,main/1[java.lang.String[]],beverage,2
C:\kanmaytacker\command\src\main\java\com\ramesh\gof\command\secondexample\Target.java,com.ramesh.gof.command.secondexample.Target,setSize/1[com.ramesh.gof.command.secondexample.Size],size,2
C:\kanmaytacker\command\src\main\java\com\ramesh\gof\command\secondexample\Target.java,com.ramesh.gof.command.secondexample.Target,setVisibility/1[com.ramesh.gof.command.secondexample.Visibility],visibility,2
C:\kanmaytacker\command\src\main\java\com\ramesh\gof\command\firstexample\CommandPatternClient.java,com.ramesh.gof.command.firstexample.CommandPatternClient,main/1[java.lang.String[]],args,0
C:\kanmaytacker\command\src\main\java\com\ramesh\gof\command\firstexample\CommandPatternClient.java,com.ramesh.gof.command.firstexample.CommandPatternClient,main/1[java.lang.String[]],doc,2
C:\kanmaytacker\command\src\main\java\com\ramesh\gof\command\firstexample\CommandPatternClient.java,com.ramesh.gof.command.firstexample.CommandPatternClient,main/1[java.lang.String[]],clickSave,2
C:\kanmaytacker\command\src\main\java\com\ramesh\gof\command\firstexample\CommandPatternClient.java,com.ramesh.gof.command.firstexample.CommandPatternClient,main/1[java.lang.String[]],menu,2
C:\kanmaytacker\command\src\main\java\com\ramesh\gof\command\firstexample\CommandPatternClient.java,com.ramesh.gof.command.firstexample.CommandPatternClient,main/1[java.lang.String[]],clickOpen,2
C:\kanmaytacker\factory-pattern\src\main\java\com\ramesh\gof\factory\pizzas\PizzaTestDrive.java,com.ramesh.gof.factory.pizzas.PizzaTestDrive,main/1[java.lang.String[]],args,0
C:\kanmaytacker\factory-pattern\src\main\java\com\ramesh\gof\factory\pizzas\PizzaTestDrive.java,com.ramesh.gof.factory.pizzas.PizzaTestDrive,main/1[java.lang.String[]],factory,1
C:\kanmaytacker\factory-pattern\src\main\java\com\ramesh\gof\factory\pizzas\PizzaTestDrive.java,com.ramesh.gof.factory.pizzas.PizzaTestDrive,main/1[java.lang.String[]],pizza,3
C:\kanmaytacker\factory-pattern\src\main\java\com\ramesh\gof\factory\pizzas\PizzaTestDrive.java,com.ramesh.gof.factory.pizzas.PizzaTestDrive,main/1[java.lang.String[]],store,2
C:\kanmaytacker\src\main\java\com\ramesh\gof\facade\hometheater\CdPlayer.java,com.ramesh.gof.facade.hometheater.CdPlayer,play/1[int],track,1
C:\kanmaytacker\src\main\java\com\ramesh\gof\facade\hometheater\CdPlayer.java,com.ramesh.gof.facade.hometheater.CdPlayer,"CdPlayer/2[java.lang.String,com.ramesh.gof.facade.hometheater.Amplifier]",description,2
C:\kanmaytacker\src\main\java\com\ramesh\gof\facade\hometheater\CdPlayer.java,com.ramesh.gof.facade.hometheater.CdPlayer,"CdPlayer/2[java.lang.String,com.ramesh.gof.facade.hometheater.Amplifier]",amplifier,2
C:\kanmaytacker\src\main\java\com\ramesh\gof\facade\hometheater\CdPlayer.java,com.ramesh.gof.facade.hometheater.CdPlayer,play/1[java.lang.String],title,3
C:\kanmaytacker\state\src\main\java\com\ramesh\gof\state\firstexample\StopState.java,com.ramesh.gof.state.firstexample.StopState,doAction/1[com.ramesh.gof.state.firstexample.Context],context,1
C:\kanmaytacker\template-method\src\main\java\com\ramesh\gof\templatemethod\simplebarista\Barista.java,com.ramesh.gof.templatemethod.simplebarista.Barista,main/1[java.lang.String[]],args,0
C:\kanmaytacker\template-method\src\main\java\com\ramesh\gof\templatemethod\simplebarista\Barista.java,com.ramesh.gof.templatemethod.simplebarista.Barista,main/1[java.lang.String[]],tea,1
C:\kanmaytacker\template-method\src\main\java\com\ramesh\gof\templatemethod\simplebarista\Barista.java,com.ramesh.gof.templatemethod.simplebarista.Barista,main/1[java.lang.String[]],coffee,1
C:\kanmaytacker\bridge\src\main\java\com\ramesh\gof\bridge\App.java,com.ramesh.gof.bridge.App,main/1[java.lang.String[]],args,0
C:\kanmaytacker\bridge\src\main\java\com\ramesh\gof\bridge\App.java,com.ramesh.gof.bridge.App,main/1[java.lang.String[]],flyingMagicWeapon,4
C:\kanmaytacker\bridge\src\main\java\com\ramesh\gof\bridge\App.java,com.ramesh.gof.bridge.App,main/1[java.lang.String[]],blindingMagicWeapon,4
C:\kanmaytacker\bridge\src\main\java\com\ramesh\gof\bridge\App.java,com.ramesh.gof.bridge.App,main/1[java.lang.String[]],soulEatingMagicWeapon,4
C:\kanmaytacker\composite\src\main\java\com\ramesh\gof\composite\Sentence.java,com.ramesh.gof.composite.Sentence,Sentence/1[java.util.List<com.ramesh.gof.composite.Word>],w,1
C:\kanmaytacker\composite\src\main\java\com\ramesh\gof\composite\Sentence.java,com.ramesh.gof.composite.Sentence,Sentence/1[java.util.List<com.ramesh.gof.composite.Word>],words,1
C:\kanmaytacker\factory-pattern\src\main\java\com\ramesh\gof\factory\pizzafm\DependentPizzaStore.java,com.ramesh.gof.factory.pizzafm.DependentPizzaStore,"createPizza/2[java.lang.String,java.lang.String]",pizza,13
C:\kanmaytacker\factory-pattern\src\main\java\com\ramesh\gof\factory\pizzafm\DependentPizzaStore.java,com.ramesh.gof.factory.pizzafm.DependentPizzaStore,"createPizza/2[java.lang.String,java.lang.String]",style,2
C:\kanmaytacker\factory-pattern\src\main\java\com\ramesh\gof\factory\pizzafm\DependentPizzaStore.java,com.ramesh.gof.factory.pizzafm.DependentPizzaStore,"createPizza/2[java.lang.String,java.lang.String]",type,8
C:\kanmaytacker\state\src\main\java\com\ramesh\gof\state\secondexample\TVContext.java,com.ramesh.gof.state.secondexample.TVContext,setState/1[com.ramesh.gof.state.secondexample.State],state,1
C:\kanmaytacker\strategy\src\main\java\com\ramesh\gof\stratergy\OperationAdd.java,com.ramesh.gof.stratergy.OperationAdd,"doOperation/2[int,int]",num1,1
C:\kanmaytacker\strategy\src\main\java\com\ramesh\gof\stratergy\OperationAdd.java,com.ramesh.gof.stratergy.OperationAdd,"doOperation/2[int,int]",num2,1
C:\kanmaytacker\adapter\src\main\java\com\ramesh\gof\adapter\secondexample\Captain.java,com.ramesh.gof.adapter.secondexample.Captain,setBattleship/1[com.ramesh.gof.adapter.secondexample.BattleShip],battleship,2
C:\kanmaytacker\adapter\src\main\java\com\ramesh\gof\adapter\secondexample\Captain.java,com.ramesh.gof.adapter.secondexample.Captain,Captain/1[com.ramesh.gof.adapter.secondexample.BattleShip],battleship,2
C:\kanmaytacker\strategy\src\main\java\com\ramesh\gof\stratergy\StrategyPatternDemo.java,com.ramesh.gof.stratergy.StrategyPatternDemo,main/1[java.lang.String[]],args,0
C:\kanmaytacker\strategy\src\main\java\com\ramesh\gof\stratergy\StrategyPatternDemo.java,com.ramesh.gof.stratergy.StrategyPatternDemo,main/1[java.lang.String[]],context,5
C:\kanmaytacker\decorator\src\main\java\com\ramesh\gof\decorator\headfirst\Milk.java,com.ramesh.gof.decorator.headfirst.Milk,Milk/1[com.ramesh.gof.decorator.headfirst.Beverage],beverage,2
C:\kanmaytacker\observer\src\main\java\com\ramesh\gof\observer\generic\GHobbits.java,com.ramesh.gof.observer.generic.GHobbits,"update/2[com.ramesh.gof.observer.generic.GWeather,com.ramesh.gof.observer.WeatherType]",weatherType,1
C:\kanmaytacker\observer\src\main\java\com\ramesh\gof\observer\generic\GHobbits.java,com.ramesh.gof.observer.generic.GHobbits,"update/2[com.ramesh.gof.observer.generic.GWeather,com.ramesh.gof.observer.WeatherType]",weather,0
C:\kanmaytacker\strategy\src\main\java\com\ramesh\gof\stratergy\Context.java,com.ramesh.gof.stratergy.Context,Context/1[com.ramesh.gof.stratergy.Strategy],strategy,2
C:\kanmaytacker\strategy\src\main\java\com\ramesh\gof\stratergy\Context.java,com.ramesh.gof.stratergy.Context,"executeStrategy/2[int,int]",num1,1
C:\kanmaytacker\strategy\src\main\java\com\ramesh\gof\stratergy\Context.java,com.ramesh.gof.stratergy.Context,"executeStrategy/2[int,int]",num2,1
C:\kanmaytacker\bridge\src\main\java\com\ramesh\gof\bridge\secondexample\App.java,com.ramesh.gof.bridge.secondexample.App,main/1[java.lang.String[]],args,0
C:\kanmaytacker\bridge\src\main\java\com\ramesh\gof\bridge\secondexample\App.java,com.ramesh.gof.bridge.secondexample.App,main/1[java.lang.String[]],hammer,3
C:\kanmaytacker\bridge\src\main\java\com\ramesh\gof\bridge\secondexample\App.java,com.ramesh.gof.bridge.secondexample.App,main/1[java.lang.String[]],enchantedSword,3
C:\kanmaytacker\template-method\src\main\java\com\ramesh\gof\templatemethod\sort\DuckSortTestDrive.java,com.ramesh.gof.templatemethod.sort.DuckSortTestDrive,display/1[com.ramesh.gof.templatemethod.sort.Duck[]],i,3
C:\kanmaytacker\template-method\src\main\java\com\ramesh\gof\templatemethod\sort\DuckSortTestDrive.java,com.ramesh.gof.templatemethod.sort.DuckSortTestDrive,display/1[com.ramesh.gof.templatemethod.sort.Duck[]],ducks,2
C:\kanmaytacker\template-method\src\main\java\com\ramesh\gof\templatemethod\sort\DuckSortTestDrive.java,com.ramesh.gof.templatemethod.sort.DuckSortTestDrive,main/1[java.lang.String[]],args,0
C:\kanmaytacker\template-method\src\main\java\com\ramesh\gof\templatemethod\sort\DuckSortTestDrive.java,com.ramesh.gof.templatemethod.sort.DuckSortTestDrive,main/1[java.lang.String[]],ducks,3
C:\kanmaytacker\observer\src\main\java\com\ramesh\gof\observer\generic\Observer.java,com.ramesh.gof.observer.generic.Observer,"update/2[S,A]",argument,0
C:\kanmaytacker\observer\src\main\java\com\ramesh\gof\observer\generic\Observer.java,com.ramesh.gof.observer.generic.Observer,"update/2[S,A]",subject,0
C:\kanmaytacker\factory-pattern\src\main\java\com\ramesh\gof\factory\pizzaa\PizzaTestDrive.java,com.ramesh.gof.factory.pizzaa.PizzaTestDrive,main/1[java.lang.String[]],args,0
C:\kanmaytacker\factory-pattern\src\main\java\com\ramesh\gof\factory\pizzaa\PizzaTestDrive.java,com.ramesh.gof.factory.pizzaa.PizzaTestDrive,main/1[java.lang.String[]],chicagoStore,4
C:\kanmaytacker\factory-pattern\src\main\java\com\ramesh\gof\factory\pizzaa\PizzaTestDrive.java,com.ramesh.gof.factory.pizzaa.PizzaTestDrive,main/1[java.lang.String[]],pizza,15
C:\kanmaytacker\factory-pattern\src\main\java\com\ramesh\gof\factory\pizzaa\PizzaTestDrive.java,com.ramesh.gof.factory.pizzaa.PizzaTestDrive,main/1[java.lang.String[]],nyStore,4
C:\kanmaytacker\adapter\src\main\java\com\ramesh\gof\adapter\secondexample\App.java,com.ramesh.gof.adapter.secondexample.App,main/1[java.lang.String[]],args,0
C:\kanmaytacker\adapter\src\main\java\com\ramesh\gof\adapter\secondexample\App.java,com.ramesh.gof.adapter.secondexample.App,main/1[java.lang.String[]],captain,2
C:\kanmaytacker\chain-of-responsibility\src\main\java\com\ramesh\gof\chain\OrcSoldier.java,com.ramesh.gof.chain.OrcSoldier,OrcSoldier/1[com.ramesh.gof.chain.RequestHandler],handler,1
C:\kanmaytacker\chain-of-responsibility\src\main\java\com\ramesh\gof\chain\OrcSoldier.java,com.ramesh.gof.chain.OrcSoldier,handleRequest/1[com.ramesh.gof.chain.Request],req,4
C:\kanmaytacker\src\main\java\com\ramesh\gof\facade\hometheater\Amplifier.java,com.ramesh.gof.facade.hometheater.Amplifier,setDvd/1[com.ramesh.gof.facade.hometheater.DvdPlayer],dvd,3
C:\kanmaytacker\src\main\java\com\ramesh\gof\facade\hometheater\Amplifier.java,com.ramesh.gof.facade.hometheater.Amplifier,setVolume/1[int],level,1
C:\kanmaytacker\src\main\java\com\ramesh\gof\facade\hometheater\Amplifier.java,com.ramesh.gof.facade.hometheater.Amplifier,setCd/1[com.ramesh.gof.facade.hometheater.CdPlayer],cd,3
C:\kanmaytacker\src\main\java\com\ramesh\gof\facade\hometheater\Amplifier.java,com.ramesh.gof.facade.hometheater.Amplifier,setTuner/1[com.ramesh.gof.facade.hometheater.Tuner],tuner,2
C:\kanmaytacker\src\main\java\com\ramesh\gof\facade\hometheater\Amplifier.java,com.ramesh.gof.facade.hometheater.Amplifier,Amplifier/1[java.lang.String],description,2
C:\kanmaytacker\composite\src\main\java\com\ramesh\gof\composite\headfirst\menuiterator\MenuItem.java,com.ramesh.gof.composite.headfirst.menuiterator.MenuItem,"MenuItem/4[java.lang.String,java.lang.String,boolean,double]",price,2
C:\kanmaytacker\composite\src\main\java\com\ramesh\gof\composite\headfirst\menuiterator\MenuItem.java,com.ramesh.gof.composite.headfirst.menuiterator.MenuItem,"MenuItem/4[java.lang.String,java.lang.String,boolean,double]",name,2
C:\kanmaytacker\composite\src\main\java\com\ramesh\gof\composite\headfirst\menuiterator\MenuItem.java,com.ramesh.gof.composite.headfirst.menuiterator.MenuItem,"MenuItem/4[java.lang.String,java.lang.String,boolean,double]",vegetarian,2
C:\kanmaytacker\composite\src\main\java\com\ramesh\gof\composite\headfirst\menuiterator\MenuItem.java,com.ramesh.gof.composite.headfirst.menuiterator.MenuItem,"MenuItem/4[java.lang.String,java.lang.String,boolean,double]",description,2
C:\kanmaytacker\factory-pattern\src\main\java\com\ramesh\gof\factory\pizzaa\VeggiePizza.java,com.ramesh.gof.factory.pizzaa.VeggiePizza,VeggiePizza/1[com.ramesh.gof.factory.pizzaa.PizzaIngredientFactory],ingredientFactory,2
C:\kanmaytacker\observer\src\main\java\com\ramesh\gof\observer\Hobbits.java,com.ramesh.gof.observer.Hobbits,update/1[com.ramesh.gof.observer.WeatherType],currentWeather,1
C:\kanmaytacker\template-method\src\main\java\com\ramesh\gof\templatemethod\barista\CoffeeWithHook.java,com.ramesh.gof.templatemethod.barista.CoffeeWithHook,customerWantsCondiments/0,answer,1
C:\kanmaytacker\template-method\src\main\java\com\ramesh\gof\templatemethod\barista\CoffeeWithHook.java,com.ramesh.gof.templatemethod.barista.CoffeeWithHook,getUserInput/0,answer,3
C:\kanmaytacker\template-method\src\main\java\com\ramesh\gof\templatemethod\barista\CoffeeWithHook.java,com.ramesh.gof.templatemethod.barista.CoffeeWithHook,getUserInput/0,in,2
C:\kanmaytacker\template-method\src\main\java\com\ramesh\gof\templatemethod\barista\CoffeeWithHook.java,com.ramesh.gof.templatemethod.barista.CoffeeWithHook,getUserInput/0,ioe,0
C:\kanmaytacker\command\src\main\java\com\ramesh\gof\command\secondexample\ShrinkSpell.java,com.ramesh.gof.command.secondexample.ShrinkSpell,execute/1[com.ramesh.gof.command.secondexample.Target],target,4
C:\kanmaytacker\command\src\main\java\com\ramesh\gof\command\secondexample\ShrinkSpell.java,com.ramesh.gof.command.secondexample.ShrinkSpell,undo/0,temp,1
C:\kanmaytacker\strategy\src\main\java\com\ramesh\gof\stratergy\OperationSubstract.java,com.ramesh.gof.stratergy.OperationSubstract,"doOperation/2[int,int]",num1,1
C:\kanmaytacker\strategy\src\main\java\com\ramesh\gof\stratergy\OperationSubstract.java,com.ramesh.gof.stratergy.OperationSubstract,"doOperation/2[int,int]",num2,1
C:\kanmaytacker\state\src\main\java\com\ramesh\gof\state\firstexample\StatePatternDemo.java,com.ramesh.gof.state.firstexample.StatePatternDemo,main/1[java.lang.String[]],args,0
C:\kanmaytacker\state\src\main\java\com\ramesh\gof\state\firstexample\StatePatternDemo.java,com.ramesh.gof.state.firstexample.StatePatternDemo,main/1[java.lang.String[]],context,4
C:\kanmaytacker\state\src\main\java\com\ramesh\gof\state\firstexample\StatePatternDemo.java,com.ramesh.gof.state.firstexample.StatePatternDemo,main/1[java.lang.String[]],startState,1
C:\kanmaytacker\state\src\main\java\com\ramesh\gof\state\firstexample\StatePatternDemo.java,com.ramesh.gof.state.firstexample.StatePatternDemo,main/1[java.lang.String[]],stopState,1
C:\kanmaytacker\builder\src\main\java\com\iluwatar\builder\HairType.java,com.iluwatar.builder.HairType,HairType/1[java.lang.String],title,2
C:\kanmaytacker\factory-pattern\src\main\java\com\ramesh\gof\factory\pizzaa\ChicagoPizzaStore.java,com.ramesh.gof.factory.pizzaa.ChicagoPizzaStore,createPizza/1[java.lang.String],item,4
C:\kanmaytacker\factory-pattern\src\main\java\com\ramesh\gof\factory\pizzaa\ChicagoPizzaStore.java,com.ramesh.gof.factory.pizzaa.ChicagoPizzaStore,createPizza/1[java.lang.String],pizza,9
C:\kanmaytacker\factory-pattern\src\main\java\com\ramesh\gof\factory\pizzaa\ChicagoPizzaStore.java,com.ramesh.gof.factory.pizzaa.ChicagoPizzaStore,createPizza/1[java.lang.String],ingredientFactory,4
C:\kanmaytacker\builder\src\main\java\com\iluwatar\builder\Armor.java,com.iluwatar.builder.Armor,Armor/1[java.lang.String],title,2
C:\kanmaytacker\composite\src\main\java\com\ramesh\gof\composite\Word.java,com.ramesh.gof.composite.Word,Word/1[java.util.List<com.ramesh.gof.composite.Letter>],l,1
C:\kanmaytacker\composite\src\main\java\com\ramesh\gof\composite\Word.java,com.ramesh.gof.composite.Word,Word/1[java.util.List<com.ramesh.gof.composite.Letter>],letters,1
C:\kanmaytacker\observer\src\main\java\com\ramesh\gof\observer\Weather.java,com.ramesh.gof.observer.Weather,addObserver/1[com.ramesh.gof.observer.WeatherObserver],obs,1
C:\kanmaytacker\observer\src\main\java\com\ramesh\gof\observer\Weather.java,com.ramesh.gof.observer.Weather,timePasses/0,enumValues,2
C:\kanmaytacker\observer\src\main\java\com\ramesh\gof\observer\Weather.java,com.ramesh.gof.observer.Weather,removeObserver/1[com.ramesh.gof.observer.WeatherObserver],obs,1
C:\kanmaytacker\observer\src\main\java\com\ramesh\gof\observer\Weather.java,com.ramesh.gof.observer.Weather,notifyObservers/0,obs,1
C:\kanmaytacker\src\main\java\com\ramesh\gof\facade\hometheater\TheaterLights.java,com.ramesh.gof.facade.hometheater.TheaterLights,dim/1[int],level,1
C:\kanmaytacker\src\main\java\com\ramesh\gof\facade\hometheater\TheaterLights.java,com.ramesh.gof.facade.hometheater.TheaterLights,TheaterLights/1[java.lang.String],description,2
C:\kanmaytacker\composite\src\main\java\com\ramesh\gof\composite\headfirst\menuiterator\CompositeIterator.java,com.ramesh.gof.composite.headfirst.menuiterator.CompositeIterator,hasNext/0,iterator,1
C:\kanmaytacker\composite\src\main\java\com\ramesh\gof\composite\headfirst\menuiterator\CompositeIterator.java,com.ramesh.gof.composite.headfirst.menuiterator.CompositeIterator,CompositeIterator/1[java.util.Iterator],iterator,1
C:\kanmaytacker\composite\src\main\java\com\ramesh\gof\composite\headfirst\menuiterator\CompositeIterator.java,com.ramesh.gof.composite.headfirst.menuiterator.CompositeIterator,next/0,iterator,1
C:\kanmaytacker\composite\src\main\java\com\ramesh\gof\composite\headfirst\menuiterator\CompositeIterator.java,com.ramesh.gof.composite.headfirst.menuiterator.CompositeIterator,next/0,component,3
C:\kanmaytacker\adapter\src\main\java\com\ramesh\gof\adapter\BankCustomer.java,com.ramesh.gof.adapter.BankCustomer,giveBankDetails/0,br,3
C:\kanmaytacker\adapter\src\main\java\com\ramesh\gof\adapter\BankCustomer.java,com.ramesh.gof.adapter.BankCustomer,giveBankDetails/0,e,1
C:\kanmaytacker\adapter\src\main\java\com\ramesh\gof\adapter\BankCustomer.java,com.ramesh.gof.adapter.BankCustomer,giveBankDetails/0,accno,1
C:\kanmaytacker\adapter\src\main\java\com\ramesh\gof\adapter\BankCustomer.java,com.ramesh.gof.adapter.BankCustomer,giveBankDetails/0,bankname,1
C:\kanmaytacker\adapter\src\main\java\com\ramesh\gof\adapter\BankCustomer.java,com.ramesh.gof.adapter.BankCustomer,giveBankDetails/0,customername,1
C:\kanmaytacker\adapter\src\main\java\com\ramesh\gof\adapter\BankCustomer.java,com.ramesh.gof.adapter.BankCustomer,getCreditCard/0,accholdername,1
C:\kanmaytacker\adapter\src\main\java\com\ramesh\gof\adapter\BankCustomer.java,com.ramesh.gof.adapter.BankCustomer,getCreditCard/0,bname,1
C:\kanmaytacker\adapter\src\main\java\com\ramesh\gof\adapter\BankCustomer.java,com.ramesh.gof.adapter.BankCustomer,getCreditCard/0,accno,1
C:\kanmaytacker\template-method\src\main\java\com\ramesh\gof\templatemethod\barista\TeaWithHook.java,com.ramesh.gof.templatemethod.barista.TeaWithHook,customerWantsCondiments/0,answer,1
C:\kanmaytacker\template-method\src\main\java\com\ramesh\gof\templatemethod\barista\TeaWithHook.java,com.ramesh.gof.templatemethod.barista.TeaWithHook,getUserInput/0,answer,3
C:\kanmaytacker\template-method\src\main\java\com\ramesh\gof\templatemethod\barista\TeaWithHook.java,com.ramesh.gof.templatemethod.barista.TeaWithHook,getUserInput/0,in,2
C:\kanmaytacker\template-method\src\main\java\com\ramesh\gof\templatemethod\barista\TeaWithHook.java,com.ramesh.gof.templatemethod.barista.TeaWithHook,getUserInput/0,ioe,0
C:\kanmaytacker\state\src\main\java\com\ramesh\gof\state\secondexample\TVRemote.java,com.ramesh.gof.state.secondexample.TVRemote,main/1[java.lang.String[]],args,0
C:\kanmaytacker\state\src\main\java\com\ramesh\gof\state\secondexample\TVRemote.java,com.ramesh.gof.state.secondexample.TVRemote,main/1[java.lang.String[]],tvStopState,1
C:\kanmaytacker\state\src\main\java\com\ramesh\gof\state\secondexample\TVRemote.java,com.ramesh.gof.state.secondexample.TVRemote,main/1[java.lang.String[]],context,4
C:\kanmaytacker\state\src\main\java\com\ramesh\gof\state\secondexample\TVRemote.java,com.ramesh.gof.state.secondexample.TVRemote,main/1[java.lang.String[]],tvStartState,1
C:\kanmaytacker\composite\src\main\java\com\ramesh\gof\composite\headfirst\menuiterator\Waitress.java,com.ramesh.gof.composite.headfirst.menuiterator.Waitress,Waitress/1[com.ramesh.gof.composite.headfirst.menuiterator.MenuComponent],allMenus,2
C:\kanmaytacker\composite\src\main\java\com\ramesh\gof\composite\headfirst\menuiterator\Waitress.java,com.ramesh.gof.composite.headfirst.menuiterator.Waitress,printVegetarianMenu/0,iterator,2
C:\kanmaytacker\composite\src\main\java\com\ramesh\gof\composite\headfirst\menuiterator\Waitress.java,com.ramesh.gof.composite.headfirst.menuiterator.Waitress,printVegetarianMenu/0,e,0
C:\kanmaytacker\composite\src\main\java\com\ramesh\gof\composite\headfirst\menuiterator\Waitress.java,com.ramesh.gof.composite.headfirst.menuiterator.Waitress,printVegetarianMenu/0,menuComponent,2
C:\kanmaytacker\observer\src\main\java\com\ramesh\gof\observer\generic\Observable.java,com.ramesh.gof.observer.generic.Observable,addObserver/1[O],observer,1
C:\kanmaytacker\observer\src\main\java\com\ramesh\gof\observer\generic\Observable.java,com.ramesh.gof.observer.generic.Observable,notifyObservers/1[A],observer,1
C:\kanmaytacker\observer\src\main\java\com\ramesh\gof\observer\generic\Observable.java,com.ramesh.gof.observer.generic.Observable,notifyObservers/1[A],argument,1
C:\kanmaytacker\observer\src\main\java\com\ramesh\gof\observer\generic\Observable.java,com.ramesh.gof.observer.generic.Observable,removeObserver/1[O],observer,1
C:\kanmaytacker\proxy\src\main\java\com\ramesh\gof\proxy\secondexample\WizardTower.java,com.ramesh.gof.proxy.secondexample.WizardTower,enter/1[com.ramesh.gof.proxy.secondexample.Wizard],wizard,1
C:\kanmaytacker\factory-pattern\src\main\java\com\ramesh\gof\factory\pizzas\SimplePizzaFactory.java,com.ramesh.gof.factory.pizzas.SimplePizzaFactory,createPizza/1[java.lang.String],pizza,5
C:\kanmaytacker\factory-pattern\src\main\java\com\ramesh\gof\factory\pizzas\SimplePizzaFactory.java,com.ramesh.gof.factory.pizzas.SimplePizzaFactory,createPizza/1[java.lang.String],type,4
C:\kanmaytacker\factory-pattern\src\main\java\com\ramesh\gof\factory\pizzaa\NYPizzaIngredientFactory.java,com.ramesh.gof.factory.pizzaa.NYPizzaIngredientFactory,createVeggies/0,veggies,1
C:\kanmaytacker\state\src\main\java\com\ramesh\gof\state\firstexample\StartState.java,com.ramesh.gof.state.firstexample.StartState,doAction/1[com.ramesh.gof.state.firstexample.Context],context,1
C:\kanmaytacker\factory-pattern\src\main\java\com\ramesh\gof\factory\pizzaa\CheesePizza.java,com.ramesh.gof.factory.pizzaa.CheesePizza,CheesePizza/1[com.ramesh.gof.factory.pizzaa.PizzaIngredientFactory],ingredientFactory,2
C:\kanmaytacker\adapter\src\main\java\com\ramesh\gof\adapter\AdapterPatternDemo.java,com.ramesh.gof.adapter.AdapterPatternDemo,main/1[java.lang.String[]],args,0
C:\kanmaytacker\adapter\src\main\java\com\ramesh\gof\adapter\AdapterPatternDemo.java,com.ramesh.gof.adapter.AdapterPatternDemo,main/1[java.lang.String[]],targetInterface,2
C:\kanmaytacker\factory-pattern\src\main\java\com\ramesh\gof\factory\pizzas\PizzaStore.java,com.ramesh.gof.factory.pizzas.PizzaStore,orderPizza/1[java.lang.String],pizza,6
C:\kanmaytacker\factory-pattern\src\main\java\com\ramesh\gof\factory\pizzas\PizzaStore.java,com.ramesh.gof.factory.pizzas.PizzaStore,orderPizza/1[java.lang.String],type,1
C:\kanmaytacker\factory-pattern\src\main\java\com\ramesh\gof\factory\pizzas\PizzaStore.java,com.ramesh.gof.factory.pizzas.PizzaStore,PizzaStore/1[com.ramesh.gof.factory.pizzas.SimplePizzaFactory],factory,2
C:\kanmaytacker\composite\src\main\java\com\ramesh\gof\composite\LetterComposite.java,com.ramesh.gof.composite.LetterComposite,add/1[com.ramesh.gof.composite.LetterComposite],letter,1
C:\kanmaytacker\composite\src\main\java\com\ramesh\gof\composite\LetterComposite.java,com.ramesh.gof.composite.LetterComposite,print/0,letter,1
C:\kanmaytacker\flyweight\src\main\java\com\ramesh\gof\flyweight\AlchemistShop.java,com.ramesh.gof.flyweight.AlchemistShop,fillShelves/0,factory,13
C:\kanmaytacker\flyweight\src\main\java\com\ramesh\gof\flyweight\AlchemistShop.java,com.ramesh.gof.flyweight.AlchemistShop,enumerate/0,p,3
C:\kanmaytacker\factory-pattern\src\main\java\com\ramesh\gof\factory\pizzaa\PepperoniPizza.java,com.ramesh.gof.factory.pizzaa.PepperoniPizza,PepperoniPizza/1[com.ramesh.gof.factory.pizzaa.PizzaIngredientFactory],ingredientFactory,2
C:\kanmaytacker\prototype\src\main\java\com\ramesh\gof\prototype\App.java,com.ramesh.gof.prototype.App,main/1[java.lang.String[]],args,0
C:\kanmaytacker\prototype\src\main\java\com\ramesh\gof\prototype\App.java,com.ramesh.gof.prototype.App,main/1[java.lang.String[]],factory,8
C:\kanmaytacker\prototype\src\main\java\com\ramesh\gof\prototype\App.java,com.ramesh.gof.prototype.App,main/1[java.lang.String[]],mage,4
C:\kanmaytacker\prototype\src\main\java\com\ramesh\gof\prototype\App.java,com.ramesh.gof.prototype.App,main/1[java.lang.String[]],warlord,4
C:\kanmaytacker\prototype\src\main\java\com\ramesh\gof\prototype\App.java,com.ramesh.gof.prototype.App,main/1[java.lang.String[]],beast,4
C:\kanmaytacker\builder\src\main\java\com\iluwatar\builder\Hero.java,com.iluwatar.builder.Hero$Builder,"Builder/2[com.iluwatar.builder.Profession,java.lang.String]",profession,3
C:\kanmaytacker\builder\src\main\java\com\iluwatar\builder\Hero.java,com.iluwatar.builder.Hero$Builder,"Builder/2[com.iluwatar.builder.Profession,java.lang.String]",name,3
C:\kanmaytacker\builder\src\main\java\com\iluwatar\builder\Hero.java,com.iluwatar.builder.Hero$Builder,withWeapon/1[com.iluwatar.builder.Weapon],weapon,2
C:\kanmaytacker\builder\src\main\java\com\iluwatar\builder\Hero.java,com.iluwatar.builder.Hero$Builder,withArmor/1[com.iluwatar.builder.Armor],armor,2
C:\kanmaytacker\builder\src\main\java\com\iluwatar\builder\Hero.java,com.iluwatar.builder.Hero$Builder,withHairType/1[com.iluwatar.builder.HairType],hairType,2
C:\kanmaytacker\builder\src\main\java\com\iluwatar\builder\Hero.java,com.iluwatar.builder.Hero$Builder,withHairColor/1[com.iluwatar.builder.HairColor],hairColor,2
C:\kanmaytacker\proxy\src\main\java\com\ramesh\gof\proxy\ProxyBatch.java,com.ramesh.gof.proxy.ProxyBatch,ProxyBatch/1[com.ramesh.gof.proxy.Batch],batch,2
C:\kanmaytacker\proxy\src\main\java\com\ramesh\gof\proxy\ProxyBatch.java,com.ramesh.gof.proxy.ProxyBatch,registerStudent/1[java.lang.String],name,1
C:\kanmaytacker\bridge\src\main\java\com\ramesh\gof\bridge\MagicWeapon.java,com.ramesh.gof.bridge.MagicWeapon,MagicWeapon/1[com.ramesh.gof.bridge.MagicWeaponImpl],imp,2
C:\kanmaytacker\prototype\src\main\java\com\ramesh\gof\prototype\example1\TestPrototype.java,com.ramesh.gof.prototype.example1.TestPrototype,main/1[java.lang.String[]],args,0
C:\kanmaytacker\prototype\src\main\java\com\ramesh\gof\prototype\example1\TestPrototype.java,com.ramesh.gof.prototype.example1.TestPrototype,main/1[java.lang.String[]],cloned,2
C:\kanmaytacker\prototype\src\main\java\com\ramesh\gof\prototype\example1\TestPrototype.java,com.ramesh.gof.prototype.example1.TestPrototype,main/1[java.lang.String[]],original,2
C:\kanmaytacker\command\src\main\java\com\ramesh\gof\command\secondexample\Size.java,com.ramesh.gof.command.secondexample.Size,Size/1[java.lang.String],title,2
C:\kanmaytacker\prototype\src\main\java\com\ramesh\gof\prototype\example1\Sheep.java,com.ramesh.gof.prototype.example1.Sheep,Sheep/1[java.lang.String],name,2
C:\kanmaytacker\prototype\src\main\java\com\ramesh\gof\prototype\example1\Sheep.java,com.ramesh.gof.prototype.example1.Sheep,setName/1[java.lang.String],name,2
C:\kanmaytacker\src\main\java\com\ramesh\gof\facade\hometheater\HomeTheaterFacade.java,com.ramesh.gof.facade.hometheater.HomeTheaterFacade,listenToRadio/1[double],frequency,1
C:\kanmaytacker\src\main\java\com\ramesh\gof\facade\hometheater\HomeTheaterFacade.java,com.ramesh.gof.facade.hometheater.HomeTheaterFacade,watchMovie/1[java.lang.String],movie,1
C:\kanmaytacker\src\main\java\com\ramesh\gof\facade\hometheater\HomeTheaterFacade.java,com.ramesh.gof.facade.hometheater.HomeTheaterFacade,"HomeTheaterFacade/8[com.ramesh.gof.facade.hometheater.Amplifier,com.ramesh.gof.facade.hometheater.Tuner,com.ramesh.gof.facade.hometheater.DvdPlayer,com.ramesh.gof.facade.hometheater.CdPlayer,com.ramesh.gof.facade.hometheater.Projector,com.ramesh.gof.facade.hometheater.Screen,com.ramesh.gof.facade.hometheater.TheaterLights,com.ramesh.gof.facade.hometheater.PopcornPopper]",cd,2
C:\kanmaytacker\src\main\java\com\ramesh\gof\facade\hometheater\HomeTheaterFacade.java,com.ramesh.gof.facade.hometheater.HomeTheaterFacade,"HomeTheaterFacade/8[com.ramesh.gof.facade.hometheater.Amplifier,com.ramesh.gof.facade.hometheater.Tuner,com.ramesh.gof.facade.hometheater.DvdPlayer,com.ramesh.gof.facade.hometheater.CdPlayer,com.ramesh.gof.facade.hometheater.Projector,com.ramesh.gof.facade.hometheater.Screen,com.ramesh.gof.facade.hometheater.TheaterLights,com.ramesh.gof.facade.hometheater.PopcornPopper]",tuner,2
C:\kanmaytacker\src\main\java\com\ramesh\gof\facade\hometheater\HomeTheaterFacade.java,com.ramesh.gof.facade.hometheater.HomeTheaterFacade,"HomeTheaterFacade/8[com.ramesh.gof.facade.hometheater.Amplifier,com.ramesh.gof.facade.hometheater.Tuner,com.ramesh.gof.facade.hometheater.DvdPlayer,com.ramesh.gof.facade.hometheater.CdPlayer,com.ramesh.gof.facade.hometheater.Projector,com.ramesh.gof.facade.hometheater.Screen,com.ramesh.gof.facade.hometheater.TheaterLights,com.ramesh.gof.facade.hometheater.PopcornPopper]",dvd,2
C:\kanmaytacker\src\main\java\com\ramesh\gof\facade\hometheater\HomeTheaterFacade.java,com.ramesh.gof.facade.hometheater.HomeTheaterFacade,"HomeTheaterFacade/8[com.ramesh.gof.facade.hometheater.Amplifier,com.ramesh.gof.facade.hometheater.Tuner,com.ramesh.gof.facade.hometheater.DvdPlayer,com.ramesh.gof.facade.hometheater.CdPlayer,com.ramesh.gof.facade.hometheater.Projector,com.ramesh.gof.facade.hometheater.Screen,com.ramesh.gof.facade.hometheater.TheaterLights,com.ramesh.gof.facade.hometheater.PopcornPopper]",popper,2
C:\kanmaytacker\src\main\java\com\ramesh\gof\facade\hometheater\HomeTheaterFacade.java,com.ramesh.gof.facade.hometheater.HomeTheaterFacade,"HomeTheaterFacade/8[com.ramesh.gof.facade.hometheater.Amplifier,com.ramesh.gof.facade.hometheater.Tuner,com.ramesh.gof.facade.hometheater.DvdPlayer,com.ramesh.gof.facade.hometheater.CdPlayer,com.ramesh.gof.facade.hometheater.Projector,com.ramesh.gof.facade.hometheater.Screen,com.ramesh.gof.facade.hometheater.TheaterLights,com.ramesh.gof.facade.hometheater.PopcornPopper]",amp,2
C:\kanmaytacker\src\main\java\com\ramesh\gof\facade\hometheater\HomeTheaterFacade.java,com.ramesh.gof.facade.hometheater.HomeTheaterFacade,"HomeTheaterFacade/8[com.ramesh.gof.facade.hometheater.Amplifier,com.ramesh.gof.facade.hometheater.Tuner,com.ramesh.gof.facade.hometheater.DvdPlayer,com.ramesh.gof.facade.hometheater.CdPlayer,com.ramesh.gof.facade.hometheater.Projector,com.ramesh.gof.facade.hometheater.Screen,com.ramesh.gof.facade.hometheater.TheaterLights,com.ramesh.gof.facade.hometheater.PopcornPopper]",projector,2
C:\kanmaytacker\src\main\java\com\ramesh\gof\facade\hometheater\HomeTheaterFacade.java,com.ramesh.gof.facade.hometheater.HomeTheaterFacade,"HomeTheaterFacade/8[com.ramesh.gof.facade.hometheater.Amplifier,com.ramesh.gof.facade.hometheater.Tuner,com.ramesh.gof.facade.hometheater.DvdPlayer,com.ramesh.gof.facade.hometheater.CdPlayer,com.ramesh.gof.facade.hometheater.Projector,com.ramesh.gof.facade.hometheater.Screen,com.ramesh.gof.facade.hometheater.TheaterLights,com.ramesh.gof.facade.hometheater.PopcornPopper]",screen,2
C:\kanmaytacker\src\main\java\com\ramesh\gof\facade\hometheater\HomeTheaterFacade.java,com.ramesh.gof.facade.hometheater.HomeTheaterFacade,"HomeTheaterFacade/8[com.ramesh.gof.facade.hometheater.Amplifier,com.ramesh.gof.facade.hometheater.Tuner,com.ramesh.gof.facade.hometheater.DvdPlayer,com.ramesh.gof.facade.hometheater.CdPlayer,com.ramesh.gof.facade.hometheater.Projector,com.ramesh.gof.facade.hometheater.Screen,com.ramesh.gof.facade.hometheater.TheaterLights,com.ramesh.gof.facade.hometheater.PopcornPopper]",lights,2
C:\kanmaytacker\src\main\java\com\ramesh\gof\facade\hometheater\HomeTheaterFacade.java,com.ramesh.gof.facade.hometheater.HomeTheaterFacade,listenToCd/1[java.lang.String],cdTitle,1
C:\kanmaytacker\composite\src\main\java\com\ramesh\gof\composite\headfirst\menu\Menu.java,com.ramesh.gof.composite.headfirst.menu.Menu,"Menu/2[java.lang.String,java.lang.String]",name,2
C:\kanmaytacker\composite\src\main\java\com\ramesh\gof\composite\headfirst\menu\Menu.java,com.ramesh.gof.composite.headfirst.menu.Menu,"Menu/2[java.lang.String,java.lang.String]",description,2
C:\kanmaytacker\composite\src\main\java\com\ramesh\gof\composite\headfirst\menu\Menu.java,com.ramesh.gof.composite.headfirst.menu.Menu,remove/1[com.ramesh.gof.composite.headfirst.menu.MenuComponent],menuComponent,1
C:\kanmaytacker\composite\src\main\java\com\ramesh\gof\composite\headfirst\menu\Menu.java,com.ramesh.gof.composite.headfirst.menu.Menu,add/1[com.ramesh.gof.composite.headfirst.menu.MenuComponent],menuComponent,1
C:\kanmaytacker\composite\src\main\java\com\ramesh\gof\composite\headfirst\menu\Menu.java,com.ramesh.gof.composite.headfirst.menu.Menu,print/0,iterator,3
C:\kanmaytacker\composite\src\main\java\com\ramesh\gof\composite\headfirst\menu\Menu.java,com.ramesh.gof.composite.headfirst.menu.Menu,print/0,menuComponent,1
C:\kanmaytacker\composite\src\main\java\com\ramesh\gof\composite\headfirst\menu\Menu.java,com.ramesh.gof.composite.headfirst.menu.Menu,getChild/1[int],i,1
C:\kanmaytacker\decorator\src\main\java\com\ramesh\gof\decorator\headfirst\io\LowerCaseInputStream.java,com.ramesh.gof.decorator.headfirst.io.LowerCaseInputStream,LowerCaseInputStream/1[java.io.InputStream],in,1
C:\kanmaytacker\decorator\src\main\java\com\ramesh\gof\decorator\headfirst\io\LowerCaseInputStream.java,com.ramesh.gof.decorator.headfirst.io.LowerCaseInputStream,read/0,c,3
C:\kanmaytacker\decorator\src\main\java\com\ramesh\gof\decorator\headfirst\io\LowerCaseInputStream.java,com.ramesh.gof.decorator.headfirst.io.LowerCaseInputStream,"read/3[byte[],int,int]",result,2
C:\kanmaytacker\decorator\src\main\java\com\ramesh\gof\decorator\headfirst\io\LowerCaseInputStream.java,com.ramesh.gof.decorator.headfirst.io.LowerCaseInputStream,"read/3[byte[],int,int]",b,3
C:\kanmaytacker\decorator\src\main\java\com\ramesh\gof\decorator\headfirst\io\LowerCaseInputStream.java,com.ramesh.gof.decorator.headfirst.io.LowerCaseInputStream,"read/3[byte[],int,int]",offset,3
C:\kanmaytacker\decorator\src\main\java\com\ramesh\gof\decorator\headfirst\io\LowerCaseInputStream.java,com.ramesh.gof.decorator.headfirst.io.LowerCaseInputStream,"read/3[byte[],int,int]",len,1
C:\kanmaytacker\decorator\src\main\java\com\ramesh\gof\decorator\headfirst\io\LowerCaseInputStream.java,com.ramesh.gof.decorator.headfirst.io.LowerCaseInputStream,"read/3[byte[],int,int]",i,4
